mean,variance,third_moment,fourth_moment,variance_expected,third_moment_expected
0.0007999999999999943,0.21031935999999996,0.08429599999999998,0.07788559999999999,0.21,0.084
