mean,variance,variance_expected,third_moment,third_moment_expected,fourth_moment
0.00016499999999999886,0.010061672774999999,0.0099,0.009862099499999997,0.009702,0.009764468340000004
