i,j,p_empirical,p_planted
0,0,0.7013464381317671,0.7
0,1,0.29865356186823283,0.30000000000000004
1,0,0.299333213191566,0.30000000000000004
1,1,0.700666786808434,0.7
