quantity,empirical,expected
mean,1.0024013278214174,1.0
variance,2.0175580333597325,2.0
skewness,2.8542914562264388,2.8284271247461903
excess_kurtosis,12.254611146660608,12.0
