lag,residual_acf_depth1_fit,residual_acf_depth2_fit
1,-0.2157787222965816,-1.3682128776797928e-05
2,0.19591104399003081,0.0002842354987706479
3,0.03255799123760275,-0.00032411210246772906
4,0.07225419232023293,-0.0038927944621201336
5,0.04720850680766005,5.863718596459878e-05
