fit_depth,parameter,empirical,planted_or_implied
1,phi_hat,0.7120714253034789,0.7142857142857143
1,sigma_residual,1.050737714849272,
2,phi1_hat,0.49629389856344824,0.5
2,phi2_hat,0.3030276210107446,0.3
2,sigma_residual,1.0013364032815026,1.0
