horizon,l1_distance_standardised_vs_step,scale_used
1,0.01680034469569754,1.0
10,0.020531230247953187,4.641588833612778
100,0.021240766473958245,21.544346900318832
1000,0.014646574028496772,99.99999999999997
