horizon,variance_run_1,variance_run_2,variance_run_3,variance_run_4,variance_run_5
1,37.82298845247516,35.25385358876388,38.274183531166265,630.079909363865,38.82605013037885
10,994.4104754418231,429.3127935936196,1130.3360045982183,858.1908122036497,519.1541729353971
100,37116.75169468603,23847.59403877838,9763.554745955282,19793.403609818568,47813.096986718665
1000,182000.52354636043,614637.2667485626,176926.6928893186,338576.6813967658,204808.12873887888
