row,col,M_empirical,M_planted,abs_diff
0,0,0.6982936850150212,0.7,0.0017063149849787518
0,1,0.0003386647989959899,0.0,0.0003386647989959899
0,2,-0.0022147156194167656,0.0,0.0022147156194167656
1,0,-0.3017063149849784,-0.30000000000000004,0.0017063149849783632
1,1,0.00033866479899588516,0.0,0.00033866479899588516
1,2,-0.002214715619416906,0.0,0.002214715619416906
2,0,-0.30170631498497896,-0.30000000000000004,0.0017063149849789183
2,1,-0.999661335200999,-1.0,0.00033866479900102053
2,2,-0.002214715619417014,0.0,0.002214715619417014
