channel,channel_name,residual_mean,residual_variance,residual_acf_lag_1,residual_acf_lag_2,residual_acf_lag_3,residual_acf_lag_4,residual_acf_lag_5
0,level (X_t),7.051780672254513e-05,1.0024438217356826,-7.437052976931263e-06,2.2315637059905004e-05,0.0003900841709078922,-0.0030849557548351908,0.0003119111536866362
1,Δ velocity (ΔX_t),7.051780672254456e-05,1.0024438217356826,-7.43705297707441e-06,2.2315637059420803e-05,0.0003900841709076931,-0.003084955754835331,0.00031191115368653664
2,Δ² acceleration (Δ²X_t),7.051780672254535e-05,1.0024438217356826,-7.437052981546137e-06,2.2315637061224434e-05,0.0003900841709090617,-0.0030849557548343724,0.0003119111536872023
