channel,channel_name,residual_mean,residual_variance,residual_acf_lag_1,residual_acf_lag_2,residual_acf_lag_3,residual_acf_lag_4,residual_acf_lag_5
0,level (X_t),0.00028873739129889445,1.0026794205220169,-2.909682668890669e-07,0.00031468323673622823,-0.0003500692060201087,-0.003895906948877535,4.846305274540179e-05
1,Δ velocity (ΔX_t),0.0002887373912988729,1.0026794205220169,-2.9096828208712685e-07,0.0003146832367285488,-0.0003500692060286395,-0.003895906948884141,4.846305273953891e-05
2,Δ² acceleration (Δ²X_t),0.0002887373912988694,1.0026794205220169,-2.9096828188508837e-07,0.00031468323672641593,-0.00035006920602980536,-0.0038959069488853754,4.84630527385821e-05
