channel,channel_name,residual_mean,residual_variance,residual_acf_lag_1,residual_acf_lag_2,residual_acf_lag_3,residual_acf_lag_4,residual_acf_lag_5
0,level (X_t),-0.001238530418695916,1.0023677675842322,-6.659172930829384e-07,3.748397367746218e-06,-0.0007397284573086133,-0.003653527829736728,-0.00015769656616210955
1,Δ velocity (ΔX_t),-0.0012385304187402732,1.002367767584232,-6.659172911381658e-07,3.7483973695074368e-06,-0.0007397284573068554,-0.0036535278297349224,-0.00015769656616031451
2,Δ² acceleration (Δ²X_t),-0.0012385304187402858,1.002367767584232,-6.659172971897552e-07,3.748397369551706e-06,-0.0007397284573068413,-0.0036535278297349146,-0.0001576965661603132
