component,empirical,planted
s0_trace_over_3,0.3321272081573983,0.3333333333333333
rotor_energy_frobenius_squared,0.5002303407753704,0.5000000000000001
e12_bivector,-0.0009174935446303713,0.0
e13_bivector,-0.0008038240051420455,0.0
e23_bivector,0.5001136695394853,0.5
spin2_energy_frobenius_squared,1.1725332822421195,1.166666666666667
det_M,-0.0016662281530380777,0.0
