{
  "runs": [
    {
      "label": "Euler dt=1e-2, T=5000",
      "T_samples": 4998,
      "n_features": 190,
      "cond_X": 4.281682158272619e+22,
      "rmse_total_psi": 0.028689165399443998,
      "rmse_native_total": 0.028622736198270975,
      "rmse_per_psi_comp": {
        "\u03b81": 2.9249347468005415e-10,
        "\u03b82": 4.9463456156430233e-11,
        "\u03c91": 0.018098424671617583,
        "\u03c92": 0.022174491017419,
        "s1": 3.1909370897696e-06,
        "c1": 4.302348640225036e-06,
        "s2": 9.508465211113827e-06,
        "c2": 8.750507235388321e-06,
        "\u03be": 0.0019511504724833706
      },
      "dt": 0.01,
      "T": 5000,
      "integrator": "euler"
    },
    {
      "label": "Euler dt=1e-3, T=5000",
      "T_samples": 4998,
      "n_features": 190,
      "cond_X": 2.1090906182646414e+23,
      "rmse_total_psi": 4.702893329959815e-07,
      "rmse_native_total": 4.6701759131401915e-07,
      "rmse_per_psi_comp": {
        "\u03b81": 4.3595689499956e-13,
        "\u03b82": 1.7844418475690409e-13,
        "\u03c91": 2.603913080469111e-07,
        "\u03c92": 3.8768775746745585e-07,
        "s1": 1.6091237477888907e-12,
        "c1": 1.3468434536562832e-12,
        "s2": 3.5698595515799707e-12,
        "c2": 2.3992634655534993e-12,
        "\u03be": 5.537712623595934e-08
      },
      "dt": 0.001,
      "T": 5000,
      "integrator": "euler"
    },
    {
      "label": "Euler dt=1e-4, T=5000",
      "T_samples": 4998,
      "n_features": 190,
      "cond_X": 3.018894424612632e+26,
      "rmse_total_psi": 5.633571229200316e-13,
      "rmse_native_total": 3.6366498540817735e-13,
      "rmse_per_psi_comp": {
        "\u03b81": 7.68566127608063e-14,
        "\u03b82": 4.6295454041027817e-14,
        "\u03c91": 3.4968066363338957e-13,
        "\u03c92": 4.387991685170646e-14,
        "s1": 1.0782037180362213e-14,
        "c1": 2.657931637538937e-14,
        "s2": 6.66935955467071e-14,
        "c2": 1.7757573907391152e-13,
        "\u03be": 3.8511704085053196e-13
      },
      "dt": 0.0001,
      "T": 5000,
      "integrator": "euler"
    },
    {
      "label": "Euler dt=1e-3, T=20000",
      "T_samples": 19998,
      "n_features": 190,
      "cond_X": 8.876592519119684e+23,
      "rmse_total_psi": 0.00019628677949371114,
      "rmse_native_total": 0.00019612037514613176,
      "rmse_per_psi_comp": {
        "\u03b81": 2.6448922450140204e-12,
        "\u03b82": 6.558718430159589e-13,
        "\u03c91": 0.0001219180167139669,
        "\u03c92": 0.00015362030708207953,
        "s1": 8.772826269672435e-09,
        "c1": 6.189635886238026e-09,
        "s2": 1.5308503850079502e-08,
        "c2": 1.3070476041686229e-08,
        "\u03be": 8.080701460369264e-06
      },
      "dt": 0.001,
      "T": 20000,
      "integrator": "euler"
    }
  ]
}