{
  "runs": [
    {
      "label": "Euler dt=1e-2, T=5000",
      "T_samples": 4998,
      "n_features": 496,
      "cond_X": 3.693413006107205e+29,
      "rmse_total_psi": 0.39692262367508313,
      "rmse_native_total": 2.5804526742286384e-05,
      "rmse_per_psi_comp": {
        "r1x": 9.046186513658259e-06,
        "r1y": 6.118260302326859e-06,
        "r2x": 9.803661598452727e-06,
        "r2y": 2.8885629201018425e-06,
        "r3x": 2.5734000334382157e-06,
        "r3y": 6.8116567268885175e-06,
        "v1x": 1.120897354247751e-05,
        "v1y": 6.370197654201866e-06,
        "v2x": 5.993385040226667e-06,
        "v2y": 1.0530586770760648e-05,
        "v3x": 6.426981190391417e-06,
        "v3y": 5.898292466543685e-06,
        "W12": 0.39367928369576505,
        "W13": 0.050637832470644094,
        "W23": 5.5410065480418625e-06
      },
      "dt": 0.01,
      "T": 5000,
      "integrator": "euler"
    },
    {
      "label": "Euler dt=1e-3, T=5000",
      "T_samples": 4998,
      "n_features": 496,
      "cond_X": 5.534388757847469e+36,
      "rmse_total_psi": 16.865056573184972,
      "rmse_native_total": 0.0026988594088928463,
      "rmse_per_psi_comp": {
        "r1x": 0.00083697261429793,
        "r1y": 0.0002795761480618404,
        "r2x": 0.0009047065464601684,
        "r2y": 0.0005903517232735614,
        "r3x": 0.00021593813121526008,
        "r3y": 0.0007443031356938228,
        "v1x": 0.0004107482929851968,
        "v1y": 0.00048689594335055364,
        "v2x": 0.0013739207388603597,
        "v2y": 0.0006375387024674957,
        "v3x": 0.0010790593001878364,
        "v3y": 0.0009344870334281931,
        "W12": 16.86505634596216,
        "W13": 0.00027239882145911403,
        "W23": 0.0005533609818019159
      },
      "dt": 0.001,
      "T": 5000,
      "integrator": "euler"
    },
    {
      "label": "Euler dt=1e-4, T=5000",
      "T_samples": 4998,
      "n_features": 496,
      "cond_X": 9.061931976874653e+25,
      "rmse_total_psi": 2.8079534973777977e-13,
      "rmse_native_total": 2.437269282355046e-13,
      "rmse_per_psi_comp": {
        "r1x": 7.816901968126655e-14,
        "r1y": 1.3116881935424466e-14,
        "r2x": 8.010946118148123e-14,
        "r2y": 9.45187708070916e-14,
        "r3x": 5.003314104248664e-15,
        "r3y": 9.103780462021277e-14,
        "v1x": 1.6393071059246236e-14,
        "v1y": 1.2945560916511727e-14,
        "v2x": 4.731776162152109e-14,
        "v2y": 1.0341683421099216e-13,
        "v3x": 6.357933949126135e-14,
        "v3y": 1.0974271543148338e-13,
        "W12": 2.4380788148560917e-14,
        "W13": 8.177243330202017e-15,
        "W23": 1.3704715519856987e-13
      },
      "dt": 0.0001,
      "T": 5000,
      "integrator": "euler"
    },
    {
      "label": "Euler dt=1e-5, T=5000",
      "T_samples": 4998,
      "n_features": 496,
      "cond_X": 1.6349901237786499e+28,
      "rmse_total_psi": 3.629587259186636e-13,
      "rmse_native_total": 1.9352410950743222e-13,
      "rmse_per_psi_comp": {
        "r1x": 1.9689626515966065e-14,
        "r1y": 6.056259358864449e-14,
        "r2x": 9.2062029565676e-15,
        "r2y": 2.5172246575760773e-14,
        "r3x": 1.0576537279173827e-14,
        "r3y": 8.572391343113591e-14,
        "v1x": 1.0182116091421543e-14,
        "v1y": 7.697790900623714e-15,
        "v2x": 1.164318679639705e-13,
        "v2y": 4.668511234948732e-15,
        "v3x": 1.0642492110386745e-13,
        "v3y": 1.2241446044662583e-14,
        "W12": 2.789925534530774e-13,
        "W13": 2.875470561374024e-14,
        "W23": 1.2499511103500743e-13
      },
      "dt": 1e-05,
      "T": 5000,
      "integrator": "euler"
    }
  ]
}