{
  "lorenz_baseline_rmse": 2.714179258082953e-13,
  "runs": [
    {
      "label": "Euler dt=1e-2, T=5000",
      "T_samples": 4998,
      "n_features": 36,
      "cond_X": 6.145784269734665e+20,
      "rmse_total": 1.026176045954037e-12,
      "rmse_per_comp": {
        "r1x": 5.515519451506144e-13,
        "r1y": 2.1645827123501015e-13,
        "r2x": 2.7912333894300884e-13,
        "r2y": 1.7758387391813212e-13,
        "r3x": 3.026855265722375e-13,
        "r3y": 1.8671753072412982e-13,
        "v1x": 4.496578680926461e-13,
        "v1y": 2.1028689495303737e-13,
        "v2x": 4.1598617670937433e-13,
        "v2y": 2.113474101637758e-13,
        "v3x": 4.373075899174568e-14,
        "v3y": 2.885862967420199e-15
      },
      "dt": 0.01,
      "T": 5000,
      "energy_drift_relative": 345.18311595095196,
      "integrator": "euler"
    },
    {
      "label": "Euler dt=1e-3, T=5000",
      "T_samples": 4998,
      "n_features": 36,
      "cond_X": 7.761840986317976e+20,
      "rmse_total": 1.1156102965704623e-13,
      "rmse_per_comp": {
        "r1x": 3.6086063013175166e-14,
        "r1y": 1.722448394582801e-14,
        "r2x": 3.20704580376936e-14,
        "r2y": 4.013297023312487e-14,
        "r3x": 3.956492566593153e-14,
        "r3y": 2.859394493545245e-14,
        "v1x": 2.245772731257063e-14,
        "v1y": 3.0296827091686833e-14,
        "v2x": 3.995668200226206e-14,
        "v2y": 4.6681024001755835e-14,
        "v3x": 1.3747839489043628e-14,
        "v3y": 2.0926183641037644e-14
      },
      "dt": 0.001,
      "T": 5000,
      "energy_drift_relative": 126.5430312849589,
      "integrator": "euler"
    },
    {
      "label": "Euler dt=1e-4, T=5000",
      "T_samples": 4998,
      "n_features": 36,
      "cond_X": 8.950548546545575e+28,
      "rmse_total": 7.046438569964195e-13,
      "rmse_per_comp": {
        "r1x": 9.622210564686815e-14,
        "r1y": 3.645879107791875e-13,
        "r2x": 7.75344148069624e-14,
        "r2y": 4.558817608917859e-13,
        "r3x": 2.368161909582173e-14,
        "r3y": 9.154805313046874e-14,
        "v1x": 7.364450239020278e-14,
        "v1y": 2.718751550945517e-13,
        "v2x": 7.649874715247812e-15,
        "v2y": 2.083970739686018e-13,
        "v3x": 6.731204297959559e-14,
        "v3y": 6.480672458318105e-14
      },
      "dt": 0.0001,
      "T": 5000,
      "energy_drift_relative": 3.350882474639511e-05,
      "integrator": "euler"
    },
    {
      "label": "Euler dt=1e-3, T=20000",
      "T_samples": 19998,
      "n_features": 36,
      "cond_X": 1.880012885827445e+22,
      "rmse_total": 3.246348064335874e-13,
      "rmse_per_comp": {
        "r1x": 9.492130646627457e-14,
        "r1y": 2.0353094163044917e-13,
        "r2x": 8.3346134401308e-14,
        "r2y": 1.7363792688939237e-13,
        "r3x": 1.129302584119134e-13,
        "r3y": 6.322289065758267e-14,
        "v1x": 1.2803323340047017e-14,
        "v1y": 1.9840328727262728e-14,
        "v2x": 1.5044899072890044e-14,
        "v2y": 8.442026183958467e-15,
        "v3x": 1.0080060098782073e-14,
        "v3y": 1.2205975807249142e-14
      },
      "dt": 0.001,
      "T": 20000,
      "energy_drift_relative": 126.5430269181063,
      "integrator": "euler"
    },
    {
      "label": "RK4 dt=1e-3, T=5000",
      "T_samples": 4998,
      "n_features": 36,
      "cond_X": 4.2757899047737197e+20,
      "rmse_total": 0.0017693247945487379,
      "rmse_per_comp": {
        "r1x": 6.083658992353674e-07,
        "r1y": 7.276164282213328e-07,
        "r2x": 6.08380221227864e-07,
        "r2y": 7.276281015544847e-07,
        "r3x": 2.120195805944875e-10,
        "r3y": 1.9488472522967048e-10,
        "v1x": 0.0008272703171210166,
        "v1y": 0.0009384883058711275,
        "v2x": 0.000827338968372232,
        "v2y": 0.000938552547306214,
        "v3x": 8.407921785689106e-07,
        "v3y": 7.6946793884679e-07
      },
      "dt": 0.001,
      "T": 5000,
      "energy_drift_relative": 329.1301307416119,
      "integrator": "rk4"
    }
  ]
}